image_path,source_data_id,class_id,model_label,class_name,group_id,split
data/raw/images/S-210902_A_C_2_R_4745003-1.jpg,S-210902_A_C_2_R_4745003-1,2,1,보통,S-210902_A_C_2_R_4745003,test
data/raw/images/S-210902_A_C_2_R_4745003-10.jpg,S-210902_A_C_2_R_4745003-10,2,1,보통,S-210902_A_C_2_R_4745003,test
data/raw/images/S-210902_A_C_2_R_4745003-11.jpg,S-210902_A_C_2_R_4745003-11,2,1,보통,S-210902_A_C_2_R_4745003,test
data/raw/images/S-210902_A_C_2_R_4745003-12.jpg,S-210902_A_C_2_R_4745003-12,2,1,보통,S-210902_A_C_2_R_4745003,test
data/raw/images/S-210902_A_C_2_R_4745003-13.jpg,S-210902_A_C_2_R_4745003-13,2,1,보통,S-210902_A_C_2_R_4745003,test
data/raw/images/S-210902_A_C_2_R_4745003-14.jpg,S-210902_A_C_2_R_4745003-14,2,1,보통,S-210902_A_C_2_R_4745003,test
data/raw/images/S-210902_A_C_2_R_4745003-15.jpg,S-210902_A_C_2_R_4745003-15,2,1,보통,S-210902_A_C_2_R_4745003,test
data/raw/images/S-210902_A_C_2_R_4745003-16.jpg,S-210902_A_C_2_R_4745003-16,2,1,보통,S-210902_A_C_2_R_4745003,test
data/raw/images/S-210902_A_C_2_R_4745003-18.jpg,S-210902_A_C_2_R_4745003-18,2,1,보통,S-210902_A_C_2_R_4745003,test
data/raw/images/S-210902_A_C_2_R_4745003-19.jpg,S-210902_A_C_2_R_4745003-19,2,1,보통,S-210902_A_C_2_R_4745003,test
data/raw/images/S-210902_A_C_2_R_4745003-2.jpg,S-210902_A_C_2_R_4745003-2,2,1,보통,S-210902_A_C_2_R_4745003,test
data/raw/images/S-210902_A_C_2_R_4745003-20.jpg,S-210902_A_C_2_R_4745003-20,2,1,보통,S-210902_A_C_2_R_4745003,test
data/raw/images/S-210902_A_C_2_R_4745003-21.jpg,S-210902_A_C_2_R_4745003-21,2,1,보통,S-210902_A_C_2_R_4745003,test
data/raw/images/S-210902_A_C_2_R_4745003-22.jpg,S-210902_A_C_2_R_4745003-22,2,1,보통,S-210902_A_C_2_R_4745003,test
data/raw/images/S-210902_A_C_2_R_4745003-23.jpg,S-210902_A_C_2_R_4745003-23,2,1,보통,S-210902_A_C_2_R_4745003,test
data/raw/images/S-210902_A_C_2_R_4745003-24.jpg,S-210902_A_C_2_R_4745003-24,2,1,보통,S-210902_A_C_2_R_4745003,test
data/raw/images/S-210902_A_C_2_R_4745003-25.jpg,S-210902_A_C_2_R_4745003-25,2,1,보통,S-210902_A_C_2_R_4745003,test
data/raw/images/S-210902_A_C_2_R_4745003-27.jpg,S-210902_A_C_2_R_4745003-27,2,1,보통,S-210902_A_C_2_R_4745003,test
data/raw/images/S-210902_A_C_2_R_4745003-28.jpg,S-210902_A_C_2_R_4745003-28,2,1,보통,S-210902_A_C_2_R_4745003,test
data/raw/images/S-210902_A_C_2_R_4745003-3.jpg,S-210902_A_C_2_R_4745003-3,2,1,보통,S-210902_A_C_2_R_4745003,test
data/raw/images/S-210902_A_C_2_R_4745003-4.jpg,S-210902_A_C_2_R_4745003-4,2,1,보통,S-210902_A_C_2_R_4745003,test
data/raw/images/S-210902_A_C_2_R_4745003-5.jpg,S-210902_A_C_2_R_4745003-5,2,1,보통,S-210902_A_C_2_R_4745003,test
data/raw/images/S-210902_A_C_2_R_4745003-7.jpg,S-210902_A_C_2_R_4745003-7,2,1,보통,S-210902_A_C_2_R_4745003,test
data/raw/images/S-210902_A_C_2_R_4745003-9.jpg,S-210902_A_C_2_R_4745003-9,2,1,보통,S-210902_A_C_2_R_4745003,test
data/raw/images/S-210902_A_C_3_R_4745002-1.jpg,S-210902_A_C_3_R_4745002-1,3,2,불량,S-210902_A_C_3_R_4745002,train
data/raw/images/S-210902_A_C_3_R_4745002-10.jpg,S-210902_A_C_3_R_4745002-10,3,2,불량,S-210902_A_C_3_R_4745002,train
data/raw/images/S-210902_A_C_3_R_4745002-12.jpg,S-210902_A_C_3_R_4745002-12,3,2,불량,S-210902_A_C_3_R_4745002,train
data/raw/images/S-210902_A_C_3_R_4745002-13.jpg,S-210902_A_C_3_R_4745002-13,3,2,불량,S-210902_A_C_3_R_4745002,train
data/raw/images/S-210902_A_C_3_R_4745002-14.jpg,S-210902_A_C_3_R_4745002-14,3,2,불량,S-210902_A_C_3_R_4745002,train
data/raw/images/S-210902_A_C_3_R_4745002-15.jpg,S-210902_A_C_3_R_4745002-15,3,2,불량,S-210902_A_C_3_R_4745002,train
data/raw/images/S-210902_A_C_3_R_4745002-16.jpg,S-210902_A_C_3_R_4745002-16,3,2,불량,S-210902_A_C_3_R_4745002,train
data/raw/images/S-210902_A_C_3_R_4745002-17.jpg,S-210902_A_C_3_R_4745002-17,3,2,불량,S-210902_A_C_3_R_4745002,train
data/raw/images/S-210902_A_C_3_R_4745002-18.jpg,S-210902_A_C_3_R_4745002-18,3,2,불량,S-210902_A_C_3_R_4745002,train
data/raw/images/S-210902_A_C_3_R_4745002-19.jpg,S-210902_A_C_3_R_4745002-19,3,2,불량,S-210902_A_C_3_R_4745002,train
data/raw/images/S-210902_A_C_3_R_4745002-2.jpg,S-210902_A_C_3_R_4745002-2,3,2,불량,S-210902_A_C_3_R_4745002,train
data/raw/images/S-210902_A_C_3_R_4745002-21.jpg,S-210902_A_C_3_R_4745002-21,3,2,불량,S-210902_A_C_3_R_4745002,train
data/raw/images/S-210902_A_C_3_R_4745002-22.jpg,S-210902_A_C_3_R_4745002-22,3,2,불량,S-210902_A_C_3_R_4745002,train
data/raw/images/S-210902_A_C_3_R_4745002-23.jpg,S-210902_A_C_3_R_4745002-23,3,2,불량,S-210902_A_C_3_R_4745002,train
data/raw/images/S-210902_A_C_3_R_4745002-24.jpg,S-210902_A_C_3_R_4745002-24,3,2,불량,S-210902_A_C_3_R_4745002,train
data/raw/images/S-210902_A_C_3_R_4745002-3.jpg,S-210902_A_C_3_R_4745002-3,3,2,불량,S-210902_A_C_3_R_4745002,train
data/raw/images/S-210902_A_C_3_R_4745002-4.jpg,S-210902_A_C_3_R_4745002-4,3,2,불량,S-210902_A_C_3_R_4745002,train
data/raw/images/S-210902_A_C_3_R_4745002-6.jpg,S-210902_A_C_3_R_4745002-6,3,2,불량,S-210902_A_C_3_R_4745002,train
data/raw/images/S-210902_A_C_3_R_4745002-7.jpg,S-210902_A_C_3_R_4745002-7,3,2,불량,S-210902_A_C_3_R_4745002,train
data/raw/images/S-210902_A_C_3_R_4745002-8.jpg,S-210902_A_C_3_R_4745002-8,3,2,불량,S-210902_A_C_3_R_4745002,train
data/raw/images/S-210902_A_C_3_R_4745002-9.jpg,S-210902_A_C_3_R_4745002-9,3,2,불량,S-210902_A_C_3_R_4745002,train
data/raw/images/S-210928_A_C_3_R_4032005-9.jpg,S-210928_A_C_3_R_4032005-9,3,2,불량,S-210928_A_C_3_R_4032005,train
data/raw/images/S-210928_A_C_3_R_4032011-1.jpg,S-210928_A_C_3_R_4032011-1,3,2,불량,S-210928_A_C_3_R_4032011,validation
data/raw/images/S-210928_A_C_3_R_4032011-5.jpg,S-210928_A_C_3_R_4032011-5,3,2,불량,S-210928_A_C_3_R_4032011,validation
data/raw/images/S-211002_A_C_3_R_5166003-5.jpg,S-211002_A_C_3_R_5166003-5,3,2,불량,S-211002_A_C_3_R_5166003,train
data/raw/images/S-211002_A_C_3_R_5166008-1.jpg,S-211002_A_C_3_R_5166008-1,3,2,불량,S-211002_A_C_3_R_5166008,train
data/raw/images/S-211002_A_C_3_R_5166008-2.jpg,S-211002_A_C_3_R_5166008-2,3,2,불량,S-211002_A_C_3_R_5166008,train
data/raw/images/S-211002_A_C_3_R_5166008-3.jpg,S-211002_A_C_3_R_5166008-3,3,2,불량,S-211002_A_C_3_R_5166008,train
data/raw/images/S-211002_A_C_3_R_5166008-4.jpg,S-211002_A_C_3_R_5166008-4,3,2,불량,S-211002_A_C_3_R_5166008,train
data/raw/images/S-211106_A_C_3_R_2254052-15.jpg,S-211106_A_C_3_R_2254052-15,3,2,불량,S-211106_A_C_3_R_2254052,train
data/raw/images/S-211106_A_C_3_R_2254052-19.jpg,S-211106_A_C_3_R_2254052-19,3,2,불량,S-211106_A_C_3_R_2254052,train
data/raw/images/S-211106_A_C_3_R_2254052-4.jpg,S-211106_A_C_3_R_2254052-4,3,2,불량,S-211106_A_C_3_R_2254052,train
data/raw/images/S-211106_A_C_3_R_5166036-4.jpg,S-211106_A_C_3_R_5166036-4,3,2,불량,S-211106_A_C_3_R_5166036,validation
data/raw/images/S-211106_A_C_3_R_5166036-5.jpg,S-211106_A_C_3_R_5166036-5,3,2,불량,S-211106_A_C_3_R_5166036,validation
data/raw/images/S-211106_A_C_3_R_5166036-6.jpg,S-211106_A_C_3_R_5166036-6,3,2,불량,S-211106_A_C_3_R_5166036,validation
data/raw/images/S-211106_A_C_3_R_5166042-24.jpg,S-211106_A_C_3_R_5166042-24,3,2,불량,S-211106_A_C_3_R_5166042,train
data/raw/images/S-211106_A_C_3_R_5166042-3.jpg,S-211106_A_C_3_R_5166042-3,3,2,불량,S-211106_A_C_3_R_5166042,train
data/raw/images/S-211106_A_C_3_R_5166042-4.jpg,S-211106_A_C_3_R_5166042-4,3,2,불량,S-211106_A_C_3_R_5166042,train
data/raw/images/S-211106_A_C_3_R_5166042-5.jpg,S-211106_A_C_3_R_5166042-5,3,2,불량,S-211106_A_C_3_R_5166042,train
data/raw/images/S-211106_A_C_3_R_5166042-6.jpg,S-211106_A_C_3_R_5166042-6,3,2,불량,S-211106_A_C_3_R_5166042,train
data/raw/images/S-211106_A_C_3_R_5166042-7.jpg,S-211106_A_C_3_R_5166042-7,3,2,불량,S-211106_A_C_3_R_5166042,train
data/raw/images/S-211106_A_C_3_R_5166042-8.jpg,S-211106_A_C_3_R_5166042-8,3,2,불량,S-211106_A_C_3_R_5166042,train
data/raw/images/S-211106_A_C_3_R_5166042-9.jpg,S-211106_A_C_3_R_5166042-9,3,2,불량,S-211106_A_C_3_R_5166042,train
data/raw/images/S-211106_A_C_3_R_7412000-13.jpg,S-211106_A_C_3_R_7412000-13,3,2,불량,S-211106_A_C_3_R_7412000,train
data/raw/images/S-211106_A_C_3_R_7412000-14.jpg,S-211106_A_C_3_R_7412000-14,3,2,불량,S-211106_A_C_3_R_7412000,train
data/raw/images/S-211106_A_C_3_R_7412000-15.jpg,S-211106_A_C_3_R_7412000-15,3,2,불량,S-211106_A_C_3_R_7412000,train
data/raw/images/S-211106_A_C_3_R_7412000-16.jpg,S-211106_A_C_3_R_7412000-16,3,2,불량,S-211106_A_C_3_R_7412000,train
data/raw/images/S-211106_A_C_3_R_7412000-17.jpg,S-211106_A_C_3_R_7412000-17,3,2,불량,S-211106_A_C_3_R_7412000,train
data/raw/images/S-211106_A_C_3_R_7412000-19.jpg,S-211106_A_C_3_R_7412000-19,3,2,불량,S-211106_A_C_3_R_7412000,train
data/raw/images/S-211106_A_C_3_R_7412000-20.jpg,S-211106_A_C_3_R_7412000-20,3,2,불량,S-211106_A_C_3_R_7412000,train
data/raw/images/S-211106_A_C_3_R_7412000-21.jpg,S-211106_A_C_3_R_7412000-21,3,2,불량,S-211106_A_C_3_R_7412000,train
data/raw/images/S-211106_A_C_3_R_7412000-23.jpg,S-211106_A_C_3_R_7412000-23,3,2,불량,S-211106_A_C_3_R_7412000,train
data/raw/images/S-211106_A_C_3_R_7412000-24.jpg,S-211106_A_C_3_R_7412000-24,3,2,불량,S-211106_A_C_3_R_7412000,train
data/raw/images/S-211106_A_C_3_R_7412000-25.jpg,S-211106_A_C_3_R_7412000-25,3,2,불량,S-211106_A_C_3_R_7412000,train
data/raw/images/S-211106_A_C_3_R_7412000-26.jpg,S-211106_A_C_3_R_7412000-26,3,2,불량,S-211106_A_C_3_R_7412000,train
data/raw/images/S-211106_A_C_3_R_7412000-27.jpg,S-211106_A_C_3_R_7412000-27,3,2,불량,S-211106_A_C_3_R_7412000,train
data/raw/images/S-211106_A_C_3_R_7412000-7.jpg,S-211106_A_C_3_R_7412000-7,3,2,불량,S-211106_A_C_3_R_7412000,train
data/raw/images/S-211106_A_C_3_R_7412010-1.jpg,S-211106_A_C_3_R_7412010-1,3,2,불량,S-211106_A_C_3_R_7412010,test
data/raw/images/S-211106_A_C_3_R_7412010-10.jpg,S-211106_A_C_3_R_7412010-10,3,2,불량,S-211106_A_C_3_R_7412010,test
data/raw/images/S-211106_A_C_3_R_7412010-11.jpg,S-211106_A_C_3_R_7412010-11,3,2,불량,S-211106_A_C_3_R_7412010,test
data/raw/images/S-211106_A_C_3_R_7412010-12.jpg,S-211106_A_C_3_R_7412010-12,3,2,불량,S-211106_A_C_3_R_7412010,test
data/raw/images/S-211106_A_C_3_R_7412010-13.jpg,S-211106_A_C_3_R_7412010-13,3,2,불량,S-211106_A_C_3_R_7412010,test
data/raw/images/S-211106_A_C_3_R_7412010-14.jpg,S-211106_A_C_3_R_7412010-14,3,2,불량,S-211106_A_C_3_R_7412010,test
data/raw/images/S-211106_A_C_3_R_7412010-16.jpg,S-211106_A_C_3_R_7412010-16,3,2,불량,S-211106_A_C_3_R_7412010,test
data/raw/images/S-211106_A_C_3_R_7412010-2.jpg,S-211106_A_C_3_R_7412010-2,3,2,불량,S-211106_A_C_3_R_7412010,test
data/raw/images/S-211106_A_C_3_R_7412010-3.jpg,S-211106_A_C_3_R_7412010-3,3,2,불량,S-211106_A_C_3_R_7412010,test
data/raw/images/S-211106_A_C_3_R_7412010-4.jpg,S-211106_A_C_3_R_7412010-4,3,2,불량,S-211106_A_C_3_R_7412010,test
data/raw/images/S-211106_A_C_3_R_7412010-5.jpg,S-211106_A_C_3_R_7412010-5,3,2,불량,S-211106_A_C_3_R_7412010,test
data/raw/images/S-211106_A_C_3_R_7412010-7.jpg,S-211106_A_C_3_R_7412010-7,3,2,불량,S-211106_A_C_3_R_7412010,test
data/raw/images/S-211106_A_C_3_R_7412010-8.jpg,S-211106_A_C_3_R_7412010-8,3,2,불량,S-211106_A_C_3_R_7412010,test
data/raw/images/S-211106_A_C_3_R_7412010-9.jpg,S-211106_A_C_3_R_7412010-9,3,2,불량,S-211106_A_C_3_R_7412010,test
data/raw/images/S-211106_A_C_3_R_7748015-10.jpg,S-211106_A_C_3_R_7748015-10,3,2,불량,S-211106_A_C_3_R_7748015,train
data/raw/images/S-211106_A_C_3_R_7748015-11.jpg,S-211106_A_C_3_R_7748015-11,3,2,불량,S-211106_A_C_3_R_7748015,train
data/raw/images/S-211106_A_C_3_R_7748015-12.jpg,S-211106_A_C_3_R_7748015-12,3,2,불량,S-211106_A_C_3_R_7748015,train
data/raw/images/S-211106_A_C_3_R_7748015-13.jpg,S-211106_A_C_3_R_7748015-13,3,2,불량,S-211106_A_C_3_R_7748015,train
data/raw/images/S-211106_A_C_3_R_7748015-14.jpg,S-211106_A_C_3_R_7748015-14,3,2,불량,S-211106_A_C_3_R_7748015,train
data/raw/images/S-211106_A_C_3_R_7748015-16.jpg,S-211106_A_C_3_R_7748015-16,3,2,불량,S-211106_A_C_3_R_7748015,train
data/raw/images/S-211106_A_C_3_R_7748015-17.jpg,S-211106_A_C_3_R_7748015-17,3,2,불량,S-211106_A_C_3_R_7748015,train
data/raw/images/S-211106_A_C_3_R_7748015-18.jpg,S-211106_A_C_3_R_7748015-18,3,2,불량,S-211106_A_C_3_R_7748015,train
data/raw/images/S-211106_A_C_3_R_7748015-19.jpg,S-211106_A_C_3_R_7748015-19,3,2,불량,S-211106_A_C_3_R_7748015,train
data/raw/images/S-211106_A_C_3_R_7748015-20.jpg,S-211106_A_C_3_R_7748015-20,3,2,불량,S-211106_A_C_3_R_7748015,train
data/raw/images/S-211106_A_C_3_R_7748015-21.jpg,S-211106_A_C_3_R_7748015-21,3,2,불량,S-211106_A_C_3_R_7748015,train
data/raw/images/S-211106_A_C_3_R_7748015-22.jpg,S-211106_A_C_3_R_7748015-22,3,2,불량,S-211106_A_C_3_R_7748015,train
data/raw/images/S-211106_A_C_3_R_7748015-23.jpg,S-211106_A_C_3_R_7748015-23,3,2,불량,S-211106_A_C_3_R_7748015,train
data/raw/images/S-211106_A_C_3_R_7748015-25.jpg,S-211106_A_C_3_R_7748015-25,3,2,불량,S-211106_A_C_3_R_7748015,train
data/raw/images/S-211106_A_C_3_R_7748015-26.jpg,S-211106_A_C_3_R_7748015-26,3,2,불량,S-211106_A_C_3_R_7748015,train
data/raw/images/S-211106_A_C_3_R_7748015-27.jpg,S-211106_A_C_3_R_7748015-27,3,2,불량,S-211106_A_C_3_R_7748015,train
data/raw/images/S-211106_A_C_3_R_7748015-28.jpg,S-211106_A_C_3_R_7748015-28,3,2,불량,S-211106_A_C_3_R_7748015,train
data/raw/images/S-211106_A_C_3_R_7748015-29.jpg,S-211106_A_C_3_R_7748015-29,3,2,불량,S-211106_A_C_3_R_7748015,train
data/raw/images/S-211106_A_C_3_R_7748015-30.jpg,S-211106_A_C_3_R_7748015-30,3,2,불량,S-211106_A_C_3_R_7748015,train
data/raw/images/S-211106_A_C_3_R_7748028-11.jpg,S-211106_A_C_3_R_7748028-11,3,2,불량,S-211106_A_C_3_R_7748028,test
data/raw/images/S-211106_A_C_3_R_7748028-3.jpg,S-211106_A_C_3_R_7748028-3,3,2,불량,S-211106_A_C_3_R_7748028,test
data/raw/images/S-211106_A_C_3_R_7748028-8.jpg,S-211106_A_C_3_R_7748028-8,3,2,불량,S-211106_A_C_3_R_7748028,test
data/raw/images/S-211106_A_C_3_R_7748028-9.jpg,S-211106_A_C_3_R_7748028-9,3,2,불량,S-211106_A_C_3_R_7748028,test
data/raw/images/S-211106_A_C_3_R_9636034-7.jpg,S-211106_A_C_3_R_9636034-7,3,2,불량,S-211106_A_C_3_R_9636034,train
data/raw/images/S-211106_A_C_3_R_9636034-8.jpg,S-211106_A_C_3_R_9636034-8,3,2,불량,S-211106_A_C_3_R_9636034,train
data/raw/images/S-211106_A_C_3_R_9636034-9.jpg,S-211106_A_C_3_R_9636034-9,3,2,불량,S-211106_A_C_3_R_9636034,train
data/raw/images/S-211106_A_C_3_R_9636081-8.jpg,S-211106_A_C_3_R_9636081-8,3,2,불량,S-211106_A_C_3_R_9636081,train
data/raw/images/S-211106_A_C_3_R_9636084-4.jpg,S-211106_A_C_3_R_9636084-4,3,2,불량,S-211106_A_C_3_R_9636084,train
data/raw/images/S-211107_A_C_3_R_2254063-9.jpg,S-211107_A_C_3_R_2254063-9,3,2,불량,S-211107_A_C_3_R_2254063,train
data/raw/images/S-211107_A_C_3_R_2254083-1.jpg,S-211107_A_C_3_R_2254083-1,3,2,불량,S-211107_A_C_3_R_2254083,train
data/raw/images/S-211107_A_C_3_R_2254083-10.jpg,S-211107_A_C_3_R_2254083-10,3,2,불량,S-211107_A_C_3_R_2254083,train
data/raw/images/S-211107_A_C_3_R_2254083-12.jpg,S-211107_A_C_3_R_2254083-12,3,2,불량,S-211107_A_C_3_R_2254083,train
data/raw/images/S-211107_A_C_3_R_2254083-13.jpg,S-211107_A_C_3_R_2254083-13,3,2,불량,S-211107_A_C_3_R_2254083,train
data/raw/images/S-211107_A_C_3_R_2254083-9.jpg,S-211107_A_C_3_R_2254083-9,3,2,불량,S-211107_A_C_3_R_2254083,train
data/raw/images/S-211107_A_C_3_R_2254126-10.jpg,S-211107_A_C_3_R_2254126-10,3,2,불량,S-211107_A_C_3_R_2254126,test
data/raw/images/S-211107_A_C_3_R_2254126-11.jpg,S-211107_A_C_3_R_2254126-11,3,2,불량,S-211107_A_C_3_R_2254126,test
data/raw/images/S-211107_A_C_3_R_2254126-12.jpg,S-211107_A_C_3_R_2254126-12,3,2,불량,S-211107_A_C_3_R_2254126,test
data/raw/images/S-211107_A_C_3_R_2254126-13.jpg,S-211107_A_C_3_R_2254126-13,3,2,불량,S-211107_A_C_3_R_2254126,test
data/raw/images/S-211107_A_C_3_R_2254126-15.jpg,S-211107_A_C_3_R_2254126-15,3,2,불량,S-211107_A_C_3_R_2254126,test
data/raw/images/S-211107_A_C_3_R_2254126-16.jpg,S-211107_A_C_3_R_2254126-16,3,2,불량,S-211107_A_C_3_R_2254126,test
data/raw/images/S-211107_A_C_3_R_2254126-17.jpg,S-211107_A_C_3_R_2254126-17,3,2,불량,S-211107_A_C_3_R_2254126,test
data/raw/images/S-211107_A_C_3_R_2254126-18.jpg,S-211107_A_C_3_R_2254126-18,3,2,불량,S-211107_A_C_3_R_2254126,test
data/raw/images/S-211107_A_C_3_R_2254126-30.jpg,S-211107_A_C_3_R_2254126-30,3,2,불량,S-211107_A_C_3_R_2254126,test
data/raw/images/S-211107_A_C_3_R_2254126-7.jpg,S-211107_A_C_3_R_2254126-7,3,2,불량,S-211107_A_C_3_R_2254126,test
data/raw/images/S-211107_A_C_3_R_2254126-8.jpg,S-211107_A_C_3_R_2254126-8,3,2,불량,S-211107_A_C_3_R_2254126,test
data/raw/images/S-211107_A_C_3_R_2254126-9.jpg,S-211107_A_C_3_R_2254126-9,3,2,불량,S-211107_A_C_3_R_2254126,test
data/raw/images/S-211107_A_C_3_R_8703002-1.jpg,S-211107_A_C_3_R_8703002-1,3,2,불량,S-211107_A_C_3_R_8703002,validation
data/raw/images/S-211107_A_C_3_R_8703002-3.jpg,S-211107_A_C_3_R_8703002-3,3,2,불량,S-211107_A_C_3_R_8703002,validation
data/raw/images/S-211107_A_C_3_R_8703002-4.jpg,S-211107_A_C_3_R_8703002-4,3,2,불량,S-211107_A_C_3_R_8703002,validation
data/raw/images/S-211107_A_C_3_R_8703002-5.jpg,S-211107_A_C_3_R_8703002-5,3,2,불량,S-211107_A_C_3_R_8703002,validation
data/raw/images/S-211107_A_C_3_R_8703002-6.jpg,S-211107_A_C_3_R_8703002-6,3,2,불량,S-211107_A_C_3_R_8703002,validation
data/raw/images/S-211107_A_C_3_R_8703002-8.jpg,S-211107_A_C_3_R_8703002-8,3,2,불량,S-211107_A_C_3_R_8703002,validation
data/raw/images/S-211107_A_C_3_R_8703004-1.jpg,S-211107_A_C_3_R_8703004-1,3,2,불량,S-211107_A_C_3_R_8703004,test
data/raw/images/S-211107_A_C_3_R_8703004-3.jpg,S-211107_A_C_3_R_8703004-3,3,2,불량,S-211107_A_C_3_R_8703004,test
data/raw/images/S-211107_A_C_3_R_8703004-4.jpg,S-211107_A_C_3_R_8703004-4,3,2,불량,S-211107_A_C_3_R_8703004,test
data/raw/images/S-211107_A_C_3_R_8703005-19.jpg,S-211107_A_C_3_R_8703005-19,3,2,불량,S-211107_A_C_3_R_8703005,test
data/raw/images/S-211107_A_C_3_R_8703008-10.jpg,S-211107_A_C_3_R_8703008-10,3,2,불량,S-211107_A_C_3_R_8703008,train
data/raw/images/S-211107_A_C_3_R_8703008-11.jpg,S-211107_A_C_3_R_8703008-11,3,2,불량,S-211107_A_C_3_R_8703008,train
data/raw/images/S-211107_A_C_3_R_8703008-12.jpg,S-211107_A_C_3_R_8703008-12,3,2,불량,S-211107_A_C_3_R_8703008,train
data/raw/images/S-211107_A_C_3_R_8703008-13.jpg,S-211107_A_C_3_R_8703008-13,3,2,불량,S-211107_A_C_3_R_8703008,train
data/raw/images/S-211107_A_C_3_R_8703008-14.jpg,S-211107_A_C_3_R_8703008-14,3,2,불량,S-211107_A_C_3_R_8703008,train
data/raw/images/S-211107_A_C_3_R_8703008-15.jpg,S-211107_A_C_3_R_8703008-15,3,2,불량,S-211107_A_C_3_R_8703008,train
data/raw/images/S-211107_A_C_3_R_8703008-16.jpg,S-211107_A_C_3_R_8703008-16,3,2,불량,S-211107_A_C_3_R_8703008,train
data/raw/images/S-211107_A_C_3_R_9636045-4.jpg,S-211107_A_C_3_R_9636045-4,3,2,불량,S-211107_A_C_3_R_9636045,validation
data/raw/images/S-211107_A_C_3_R_9636046-14.jpg,S-211107_A_C_3_R_9636046-14,3,2,불량,S-211107_A_C_3_R_9636046,train
data/raw/images/S-211107_A_C_3_R_9636049-7.jpg,S-211107_A_C_3_R_9636049-7,3,2,불량,S-211107_A_C_3_R_9636049,train
data/raw/images/S-211107_A_C_3_R_9636058-1.jpg,S-211107_A_C_3_R_9636058-1,3,2,불량,S-211107_A_C_3_R_9636058,train
data/raw/images/S-211107_A_C_3_R_9636070-13.jpg,S-211107_A_C_3_R_9636070-13,3,2,불량,S-211107_A_C_3_R_9636070,test
data/raw/images/S-211107_A_C_3_R_9636070-5.jpg,S-211107_A_C_3_R_9636070-5,3,2,불량,S-211107_A_C_3_R_9636070,test
data/raw/images/S-211110_A_C_3_R_5870010-22.jpg,S-211110_A_C_3_R_5870010-22,3,2,불량,S-211110_A_C_3_R_5870010,train
data/raw/images/S-211110_A_C_3_R_5870010-24.jpg,S-211110_A_C_3_R_5870010-24,3,2,불량,S-211110_A_C_3_R_5870010,train
data/raw/images/S-211110_A_C_3_R_5870010-30.jpg,S-211110_A_C_3_R_5870010-30,3,2,불량,S-211110_A_C_3_R_5870010,train
data/raw/images/S-211110_A_C_3_R_5870010-4.jpg,S-211110_A_C_3_R_5870010-4,3,2,불량,S-211110_A_C_3_R_5870010,train
data/raw/images/S-211110_A_C_3_R_5870010-5.jpg,S-211110_A_C_3_R_5870010-5,3,2,불량,S-211110_A_C_3_R_5870010,train
data/raw/images/S-211110_A_C_3_R_5870010-6.jpg,S-211110_A_C_3_R_5870010-6,3,2,불량,S-211110_A_C_3_R_5870010,train
data/raw/images/S-211110_A_C_3_R_5870010-7.jpg,S-211110_A_C_3_R_5870010-7,3,2,불량,S-211110_A_C_3_R_5870010,train
data/raw/images/S-211110_A_C_3_R_5870010-8.jpg,S-211110_A_C_3_R_5870010-8,3,2,불량,S-211110_A_C_3_R_5870010,train
data/raw/images/S-211110_A_C_3_R_5870010-9.jpg,S-211110_A_C_3_R_5870010-9,3,2,불량,S-211110_A_C_3_R_5870010,train
data/raw/images/S-211110_A_C_3_R_5870012-1.jpg,S-211110_A_C_3_R_5870012-1,3,2,불량,S-211110_A_C_3_R_5870012,train
data/raw/images/S-211110_A_C_3_R_5870012-11.jpg,S-211110_A_C_3_R_5870012-11,3,2,불량,S-211110_A_C_3_R_5870012,train
data/raw/images/S-211110_A_C_3_R_5870012-12.jpg,S-211110_A_C_3_R_5870012-12,3,2,불량,S-211110_A_C_3_R_5870012,train
data/raw/images/S-211110_A_C_3_R_5870012-13.jpg,S-211110_A_C_3_R_5870012-13,3,2,불량,S-211110_A_C_3_R_5870012,train
data/raw/images/S-211110_A_C_3_R_5870012-7.jpg,S-211110_A_C_3_R_5870012-7,3,2,불량,S-211110_A_C_3_R_5870012,train
data/raw/images/S-211110_A_C_3_R_5870012-8.jpg,S-211110_A_C_3_R_5870012-8,3,2,불량,S-211110_A_C_3_R_5870012,train
data/raw/images/S-211110_A_C_3_R_5870012-9.jpg,S-211110_A_C_3_R_5870012-9,3,2,불량,S-211110_A_C_3_R_5870012,train
data/raw/images/S-211110_A_C_3_R_7227005-15.jpg,S-211110_A_C_3_R_7227005-15,3,2,불량,S-211110_A_C_3_R_7227005,train
data/raw/images/S-211110_A_C_3_R_7227005-17.jpg,S-211110_A_C_3_R_7227005-17,3,2,불량,S-211110_A_C_3_R_7227005,train
data/raw/images/S-211110_A_C_3_R_7227005-26.jpg,S-211110_A_C_3_R_7227005-26,3,2,불량,S-211110_A_C_3_R_7227005,train
data/raw/images/S-211110_A_C_3_R_7227005-27.jpg,S-211110_A_C_3_R_7227005-27,3,2,불량,S-211110_A_C_3_R_7227005,train
data/raw/images/S-211110_A_C_3_R_7227005-29.jpg,S-211110_A_C_3_R_7227005-29,3,2,불량,S-211110_A_C_3_R_7227005,train
data/raw/images/S-211110_A_C_3_R_7227005-3.jpg,S-211110_A_C_3_R_7227005-3,3,2,불량,S-211110_A_C_3_R_7227005,train
data/raw/images/S-211110_A_C_3_R_7227005-30.jpg,S-211110_A_C_3_R_7227005-30,3,2,불량,S-211110_A_C_3_R_7227005,train
data/raw/images/S-211110_A_C_3_R_7227005-5.jpg,S-211110_A_C_3_R_7227005-5,3,2,불량,S-211110_A_C_3_R_7227005,train
data/raw/images/S-211110_A_C_3_R_7227005-6.jpg,S-211110_A_C_3_R_7227005-6,3,2,불량,S-211110_A_C_3_R_7227005,train
data/raw/images/S-211110_A_C_3_R_7227005-7.jpg,S-211110_A_C_3_R_7227005-7,3,2,불량,S-211110_A_C_3_R_7227005,train
data/raw/images/S-211110_A_C_3_R_7227005-8.jpg,S-211110_A_C_3_R_7227005-8,3,2,불량,S-211110_A_C_3_R_7227005,train
data/raw/images/S-211110_A_C_3_R_7227005-9.jpg,S-211110_A_C_3_R_7227005-9,3,2,불량,S-211110_A_C_3_R_7227005,train
data/raw/images/S-211110_A_C_3_R_9118069-1.jpg,S-211110_A_C_3_R_9118069-1,3,2,불량,S-211110_A_C_3_R_9118069,train
data/raw/images/S-211110_A_C_3_R_9118069-6.jpg,S-211110_A_C_3_R_9118069-6,3,2,불량,S-211110_A_C_3_R_9118069,train
data/raw/images/S-211111_A_C_2_R_9636012-1.jpg,S-211111_A_C_2_R_9636012-1,2,1,보통,S-211111_A_C_2_R_9636012,train
data/raw/images/S-211111_A_C_2_R_9636012-2.jpg,S-211111_A_C_2_R_9636012-2,2,1,보통,S-211111_A_C_2_R_9636012,train
data/raw/images/S-211111_A_C_2_R_9636012-3.jpg,S-211111_A_C_2_R_9636012-3,2,1,보통,S-211111_A_C_2_R_9636012,train
data/raw/images/S-211111_A_C_2_R_9636012-5.jpg,S-211111_A_C_2_R_9636012-5,2,1,보통,S-211111_A_C_2_R_9636012,train
data/raw/images/S-211111_A_C_2_R_9636012-6.jpg,S-211111_A_C_2_R_9636012-6,2,1,보통,S-211111_A_C_2_R_9636012,train
data/raw/images/S-211111_A_C_2_R_9636012-7.jpg,S-211111_A_C_2_R_9636012-7,2,1,보통,S-211111_A_C_2_R_9636012,train
data/raw/images/S-211111_A_C_2_R_9636012-8.jpg,S-211111_A_C_2_R_9636012-8,2,1,보통,S-211111_A_C_2_R_9636012,train
data/raw/images/S-211111_A_C_2_R_9636012-9.jpg,S-211111_A_C_2_R_9636012-9,2,1,보통,S-211111_A_C_2_R_9636012,train
data/raw/images/S-211113_A_C_2_R_5166022-21.jpg,S-211113_A_C_2_R_5166022-21,2,1,보통,S-211113_A_C_2_R_5166022,train
data/raw/images/S-211113_A_C_2_R_5166022-22.jpg,S-211113_A_C_2_R_5166022-22,2,1,보통,S-211113_A_C_2_R_5166022,train
data/raw/images/S-211113_A_C_2_R_5166022-23.jpg,S-211113_A_C_2_R_5166022-23,2,1,보통,S-211113_A_C_2_R_5166022,train
data/raw/images/S-211113_A_C_2_R_5166022-24.jpg,S-211113_A_C_2_R_5166022-24,2,1,보통,S-211113_A_C_2_R_5166022,train
data/raw/images/S-211113_A_C_2_R_5166022-25.jpg,S-211113_A_C_2_R_5166022-25,2,1,보통,S-211113_A_C_2_R_5166022,train
data/raw/images/S-211113_A_C_2_R_5166022-26.jpg,S-211113_A_C_2_R_5166022-26,2,1,보통,S-211113_A_C_2_R_5166022,train
data/raw/images/S-211113_A_C_2_R_5166022-27.jpg,S-211113_A_C_2_R_5166022-27,2,1,보통,S-211113_A_C_2_R_5166022,train
data/raw/images/S-211113_A_C_2_R_5166022-28.jpg,S-211113_A_C_2_R_5166022-28,2,1,보통,S-211113_A_C_2_R_5166022,train
data/raw/images/S-211113_A_C_2_R_5166022-29.jpg,S-211113_A_C_2_R_5166022-29,2,1,보통,S-211113_A_C_2_R_5166022,train
data/raw/images/S-211113_A_C_2_R_5166023-10.jpg,S-211113_A_C_2_R_5166023-10,2,1,보통,S-211113_A_C_2_R_5166023,train
data/raw/images/S-211113_A_C_2_R_5166023-12.jpg,S-211113_A_C_2_R_5166023-12,2,1,보통,S-211113_A_C_2_R_5166023,train
data/raw/images/S-211113_A_C_2_R_5166023-13.jpg,S-211113_A_C_2_R_5166023-13,2,1,보통,S-211113_A_C_2_R_5166023,train
data/raw/images/S-211113_A_C_2_R_5166023-14.jpg,S-211113_A_C_2_R_5166023-14,2,1,보통,S-211113_A_C_2_R_5166023,train
data/raw/images/S-211113_A_C_2_R_5166023-15.jpg,S-211113_A_C_2_R_5166023-15,2,1,보통,S-211113_A_C_2_R_5166023,train
data/raw/images/S-211113_A_C_2_R_5166023-4.jpg,S-211113_A_C_2_R_5166023-4,2,1,보통,S-211113_A_C_2_R_5166023,train
data/raw/images/S-211113_A_C_2_R_5166023-5.jpg,S-211113_A_C_2_R_5166023-5,2,1,보통,S-211113_A_C_2_R_5166023,train
data/raw/images/S-211113_A_C_2_R_5166023-6.jpg,S-211113_A_C_2_R_5166023-6,2,1,보통,S-211113_A_C_2_R_5166023,train
data/raw/images/S-211113_A_C_2_R_5166023-7.jpg,S-211113_A_C_2_R_5166023-7,2,1,보통,S-211113_A_C_2_R_5166023,train
data/raw/images/S-211113_A_C_2_R_5166023-8.jpg,S-211113_A_C_2_R_5166023-8,2,1,보통,S-211113_A_C_2_R_5166023,train
data/raw/images/S-211113_A_C_2_R_5166023-9.jpg,S-211113_A_C_2_R_5166023-9,2,1,보통,S-211113_A_C_2_R_5166023,train
data/raw/images/S-211113_A_C_2_R_5166035-10.jpg,S-211113_A_C_2_R_5166035-10,2,1,보통,S-211113_A_C_2_R_5166035,train
data/raw/images/S-211113_A_C_2_R_5166035-12.jpg,S-211113_A_C_2_R_5166035-12,2,1,보통,S-211113_A_C_2_R_5166035,train
data/raw/images/S-211113_A_C_2_R_5166035-2.jpg,S-211113_A_C_2_R_5166035-2,2,1,보통,S-211113_A_C_2_R_5166035,train
data/raw/images/S-211113_A_C_2_R_5166035-4.jpg,S-211113_A_C_2_R_5166035-4,2,1,보통,S-211113_A_C_2_R_5166035,train
data/raw/images/S-211113_A_C_2_R_5166035-7.jpg,S-211113_A_C_2_R_5166035-7,2,1,보통,S-211113_A_C_2_R_5166035,train
data/raw/images/S-211113_A_C_2_R_5166035-8.jpg,S-211113_A_C_2_R_5166035-8,2,1,보통,S-211113_A_C_2_R_5166035,train
data/raw/images/S-211113_A_C_2_R_7748623-1.jpg,S-211113_A_C_2_R_7748623-1,2,1,보통,S-211113_A_C_2_R_7748623,validation
data/raw/images/S-211113_A_C_2_R_7748623-10.jpg,S-211113_A_C_2_R_7748623-10,2,1,보통,S-211113_A_C_2_R_7748623,validation
data/raw/images/S-211113_A_C_2_R_7748623-11.jpg,S-211113_A_C_2_R_7748623-11,2,1,보통,S-211113_A_C_2_R_7748623,validation
data/raw/images/S-211113_A_C_2_R_7748623-12.jpg,S-211113_A_C_2_R_7748623-12,2,1,보통,S-211113_A_C_2_R_7748623,validation
data/raw/images/S-211113_A_C_2_R_7748623-13.jpg,S-211113_A_C_2_R_7748623-13,2,1,보통,S-211113_A_C_2_R_7748623,validation
data/raw/images/S-211113_A_C_2_R_7748623-14.jpg,S-211113_A_C_2_R_7748623-14,2,1,보통,S-211113_A_C_2_R_7748623,validation
data/raw/images/S-211113_A_C_2_R_7748623-15.jpg,S-211113_A_C_2_R_7748623-15,2,1,보통,S-211113_A_C_2_R_7748623,validation
data/raw/images/S-211113_A_C_2_R_7748623-17.jpg,S-211113_A_C_2_R_7748623-17,2,1,보통,S-211113_A_C_2_R_7748623,validation
data/raw/images/S-211113_A_C_2_R_7748623-18.jpg,S-211113_A_C_2_R_7748623-18,2,1,보통,S-211113_A_C_2_R_7748623,validation
data/raw/images/S-211113_A_C_2_R_7748623-19.jpg,S-211113_A_C_2_R_7748623-19,2,1,보통,S-211113_A_C_2_R_7748623,validation
data/raw/images/S-211113_A_C_2_R_7748623-2.jpg,S-211113_A_C_2_R_7748623-2,2,1,보통,S-211113_A_C_2_R_7748623,validation
data/raw/images/S-211113_A_C_2_R_7748623-20.jpg,S-211113_A_C_2_R_7748623-20,2,1,보통,S-211113_A_C_2_R_7748623,validation
data/raw/images/S-211113_A_C_2_R_7748623-3.jpg,S-211113_A_C_2_R_7748623-3,2,1,보통,S-211113_A_C_2_R_7748623,validation
data/raw/images/S-211113_A_C_2_R_7748623-4.jpg,S-211113_A_C_2_R_7748623-4,2,1,보통,S-211113_A_C_2_R_7748623,validation
data/raw/images/S-211113_A_C_2_R_7748623-5.jpg,S-211113_A_C_2_R_7748623-5,2,1,보통,S-211113_A_C_2_R_7748623,validation
data/raw/images/S-211113_A_C_2_R_7748623-6.jpg,S-211113_A_C_2_R_7748623-6,2,1,보통,S-211113_A_C_2_R_7748623,validation
data/raw/images/S-211113_A_C_2_R_7748623-8.jpg,S-211113_A_C_2_R_7748623-8,2,1,보통,S-211113_A_C_2_R_7748623,validation
data/raw/images/S-211113_A_C_2_R_7748623-9.jpg,S-211113_A_C_2_R_7748623-9,2,1,보통,S-211113_A_C_2_R_7748623,validation
data/raw/images/S-211113_A_C_2_R_7748631-17.jpg,S-211113_A_C_2_R_7748631-17,2,1,보통,S-211113_A_C_2_R_7748631,train
data/raw/images/S-211113_A_C_2_R_7748631-26.jpg,S-211113_A_C_2_R_7748631-26,2,1,보통,S-211113_A_C_2_R_7748631,train
data/raw/images/S-211113_A_C_2_R_7748631-27.jpg,S-211113_A_C_2_R_7748631-27,2,1,보통,S-211113_A_C_2_R_7748631,train
data/raw/images/S-211113_A_C_2_R_7748631-28.jpg,S-211113_A_C_2_R_7748631-28,2,1,보통,S-211113_A_C_2_R_7748631,train
data/raw/images/S-211113_A_C_2_R_7748631-4.jpg,S-211113_A_C_2_R_7748631-4,2,1,보통,S-211113_A_C_2_R_7748631,train
data/raw/images/S-211113_A_C_2_R_7748631-5.jpg,S-211113_A_C_2_R_7748631-5,2,1,보통,S-211113_A_C_2_R_7748631,train
data/raw/images/S-211113_A_C_2_R_9636020-10.jpg,S-211113_A_C_2_R_9636020-10,2,1,보통,S-211113_A_C_2_R_9636020,train
data/raw/images/S-211113_A_C_2_R_9636020-11.jpg,S-211113_A_C_2_R_9636020-11,2,1,보통,S-211113_A_C_2_R_9636020,train
data/raw/images/S-211113_A_C_2_R_9636020-13.jpg,S-211113_A_C_2_R_9636020-13,2,1,보통,S-211113_A_C_2_R_9636020,train
data/raw/images/S-211113_A_C_2_R_9636020-14.jpg,S-211113_A_C_2_R_9636020-14,2,1,보통,S-211113_A_C_2_R_9636020,train
data/raw/images/S-211113_A_C_2_R_9636020-7.jpg,S-211113_A_C_2_R_9636020-7,2,1,보통,S-211113_A_C_2_R_9636020,train
data/raw/images/S-211113_A_C_2_R_9636020-8.jpg,S-211113_A_C_2_R_9636020-8,2,1,보통,S-211113_A_C_2_R_9636020,train
data/raw/images/S-211113_A_C_2_R_9636020-9.jpg,S-211113_A_C_2_R_9636020-9,2,1,보통,S-211113_A_C_2_R_9636020,train
data/raw/images/S-211114_A_C_2_R_5166012-10.jpg,S-211114_A_C_2_R_5166012-10,2,1,보통,S-211114_A_C_2_R_5166012,test
data/raw/images/S-211114_A_C_2_R_5166012-11.jpg,S-211114_A_C_2_R_5166012-11,2,1,보통,S-211114_A_C_2_R_5166012,test
data/raw/images/S-211114_A_C_2_R_5166012-12.jpg,S-211114_A_C_2_R_5166012-12,2,1,보통,S-211114_A_C_2_R_5166012,test
data/raw/images/S-211114_A_C_2_R_5166012-14.jpg,S-211114_A_C_2_R_5166012-14,2,1,보통,S-211114_A_C_2_R_5166012,test
data/raw/images/S-211114_A_C_2_R_5166012-7.jpg,S-211114_A_C_2_R_5166012-7,2,1,보통,S-211114_A_C_2_R_5166012,test
data/raw/images/S-211114_A_C_2_R_5166012-9.jpg,S-211114_A_C_2_R_5166012-9,2,1,보통,S-211114_A_C_2_R_5166012,test
data/raw/images/S-211114_A_C_2_R_5166015-24.jpg,S-211114_A_C_2_R_5166015-24,2,1,보통,S-211114_A_C_2_R_5166015,train
data/raw/images/S-211114_A_C_2_R_5166015-25.jpg,S-211114_A_C_2_R_5166015-25,2,1,보통,S-211114_A_C_2_R_5166015,train
data/raw/images/S-211114_A_C_2_R_5166015-27.jpg,S-211114_A_C_2_R_5166015-27,2,1,보통,S-211114_A_C_2_R_5166015,train
data/raw/images/S-211114_A_C_2_R_5166015-28.jpg,S-211114_A_C_2_R_5166015-28,2,1,보통,S-211114_A_C_2_R_5166015,train
data/raw/images/S-211114_A_C_2_R_5166015-29.jpg,S-211114_A_C_2_R_5166015-29,2,1,보통,S-211114_A_C_2_R_5166015,train
data/raw/images/S-211114_A_C_2_R_5166032-13.jpg,S-211114_A_C_2_R_5166032-13,2,1,보통,S-211114_A_C_2_R_5166032,validation
data/raw/images/S-211114_A_C_2_R_5166032-16.jpg,S-211114_A_C_2_R_5166032-16,2,1,보통,S-211114_A_C_2_R_5166032,validation
data/raw/images/S-211114_A_C_2_R_5166032-17.jpg,S-211114_A_C_2_R_5166032-17,2,1,보통,S-211114_A_C_2_R_5166032,validation
data/raw/images/S-211114_A_C_2_R_5166032-18.jpg,S-211114_A_C_2_R_5166032-18,2,1,보통,S-211114_A_C_2_R_5166032,validation
data/raw/images/S-211114_A_C_2_R_5166032-7.jpg,S-211114_A_C_2_R_5166032-7,2,1,보통,S-211114_A_C_2_R_5166032,validation
data/raw/images/S-211114_A_C_2_R_5166048-1.jpg,S-211114_A_C_2_R_5166048-1,2,1,보통,S-211114_A_C_2_R_5166048,train
data/raw/images/S-211114_A_C_2_R_5166048-24.jpg,S-211114_A_C_2_R_5166048-24,2,1,보통,S-211114_A_C_2_R_5166048,train
data/raw/images/S-211114_A_C_2_R_5166048-25.jpg,S-211114_A_C_2_R_5166048-25,2,1,보통,S-211114_A_C_2_R_5166048,train
data/raw/images/S-211114_A_C_2_R_5166048-26.jpg,S-211114_A_C_2_R_5166048-26,2,1,보통,S-211114_A_C_2_R_5166048,train
data/raw/images/S-211114_A_C_2_R_5166048-28.jpg,S-211114_A_C_2_R_5166048-28,2,1,보통,S-211114_A_C_2_R_5166048,train
data/raw/images/S-211114_A_C_2_R_5166048-30.jpg,S-211114_A_C_2_R_5166048-30,2,1,보통,S-211114_A_C_2_R_5166048,train
data/raw/images/S-211114_A_C_2_R_5166048-5.jpg,S-211114_A_C_2_R_5166048-5,2,1,보통,S-211114_A_C_2_R_5166048,train
data/raw/images/S-211114_A_C_2_R_5166048-8.jpg,S-211114_A_C_2_R_5166048-8,2,1,보통,S-211114_A_C_2_R_5166048,train
data/raw/images/S-211114_A_C_2_R_5166048-9.jpg,S-211114_A_C_2_R_5166048-9,2,1,보통,S-211114_A_C_2_R_5166048,train
data/raw/images/S-211114_A_C_2_R_5166049-1.jpg,S-211114_A_C_2_R_5166049-1,2,1,보통,S-211114_A_C_2_R_5166049,train
data/raw/images/S-211114_A_C_2_R_5166049-14.jpg,S-211114_A_C_2_R_5166049-14,2,1,보통,S-211114_A_C_2_R_5166049,train
data/raw/images/S-211114_A_C_2_R_5166049-17.jpg,S-211114_A_C_2_R_5166049-17,2,1,보통,S-211114_A_C_2_R_5166049,train
data/raw/images/S-211114_A_C_2_R_5166049-18.jpg,S-211114_A_C_2_R_5166049-18,2,1,보통,S-211114_A_C_2_R_5166049,train
data/raw/images/S-211114_A_C_2_R_5166049-2.jpg,S-211114_A_C_2_R_5166049-2,2,1,보통,S-211114_A_C_2_R_5166049,train
data/raw/images/S-211114_A_C_2_R_5166049-3.jpg,S-211114_A_C_2_R_5166049-3,2,1,보통,S-211114_A_C_2_R_5166049,train
data/raw/images/S-211114_A_C_2_R_5166049-5.jpg,S-211114_A_C_2_R_5166049-5,2,1,보통,S-211114_A_C_2_R_5166049,train
data/raw/images/S-211114_A_C_2_R_7748645-1.jpg,S-211114_A_C_2_R_7748645-1,2,1,보통,S-211114_A_C_2_R_7748645,validation
data/raw/images/S-211114_A_C_2_R_7748645-13.jpg,S-211114_A_C_2_R_7748645-13,2,1,보통,S-211114_A_C_2_R_7748645,validation
data/raw/images/S-211114_A_C_2_R_7748645-3.jpg,S-211114_A_C_2_R_7748645-3,2,1,보통,S-211114_A_C_2_R_7748645,validation
data/raw/images/S-211114_A_C_2_R_7748681-1.jpg,S-211114_A_C_2_R_7748681-1,2,1,보통,S-211114_A_C_2_R_7748681,train
data/raw/images/S-211114_A_C_2_R_7748681-12.jpg,S-211114_A_C_2_R_7748681-12,2,1,보통,S-211114_A_C_2_R_7748681,train
data/raw/images/S-211114_A_C_2_R_9636020-10.jpg,S-211114_A_C_2_R_9636020-10,2,1,보통,S-211114_A_C_2_R_9636020,train
data/raw/images/S-211114_A_C_2_R_9636020-11.jpg,S-211114_A_C_2_R_9636020-11,2,1,보통,S-211114_A_C_2_R_9636020,train
data/raw/images/S-211114_A_C_2_R_9636020-5.jpg,S-211114_A_C_2_R_9636020-5,2,1,보통,S-211114_A_C_2_R_9636020,train
data/raw/images/S-211114_A_C_2_R_9636020-7.jpg,S-211114_A_C_2_R_9636020-7,2,1,보통,S-211114_A_C_2_R_9636020,train
data/raw/images/S-211114_A_C_2_R_9636020-8.jpg,S-211114_A_C_2_R_9636020-8,2,1,보통,S-211114_A_C_2_R_9636020,train
data/raw/images/S-211114_A_C_2_R_9636020-9.jpg,S-211114_A_C_2_R_9636020-9,2,1,보통,S-211114_A_C_2_R_9636020,train
data/raw/images/S-211116_A_C_1_R_9636000-12.jpg,S-211116_A_C_1_R_9636000-12,1,0,우수,S-211116_A_C_1_R_9636000,test
data/raw/images/S-211116_A_C_1_R_9636000-6.jpg,S-211116_A_C_1_R_9636000-6,1,0,우수,S-211116_A_C_1_R_9636000,test
data/raw/images/S-211116_A_C_1_R_9636001-6.jpg,S-211116_A_C_1_R_9636001-6,1,0,우수,S-211116_A_C_1_R_9636001,train
data/raw/images/S-211116_A_C_1_R_9636002-10.jpg,S-211116_A_C_1_R_9636002-10,1,0,우수,S-211116_A_C_1_R_9636002,train
data/raw/images/S-211116_A_C_1_R_9636002-11.jpg,S-211116_A_C_1_R_9636002-11,1,0,우수,S-211116_A_C_1_R_9636002,train
data/raw/images/S-211116_A_C_1_R_9636002-12.jpg,S-211116_A_C_1_R_9636002-12,1,0,우수,S-211116_A_C_1_R_9636002,train
data/raw/images/S-211116_A_C_1_R_9636002-13.jpg,S-211116_A_C_1_R_9636002-13,1,0,우수,S-211116_A_C_1_R_9636002,train
data/raw/images/S-211116_A_C_1_R_9636002-4.jpg,S-211116_A_C_1_R_9636002-4,1,0,우수,S-211116_A_C_1_R_9636002,train
data/raw/images/S-211116_A_C_1_R_9636002-5.jpg,S-211116_A_C_1_R_9636002-5,1,0,우수,S-211116_A_C_1_R_9636002,train
data/raw/images/S-211116_A_C_1_R_9636002-6.jpg,S-211116_A_C_1_R_9636002-6,1,0,우수,S-211116_A_C_1_R_9636002,train
data/raw/images/S-211116_A_C_1_R_9636002-7.jpg,S-211116_A_C_1_R_9636002-7,1,0,우수,S-211116_A_C_1_R_9636002,train
data/raw/images/S-211116_A_C_1_R_9636002-8.jpg,S-211116_A_C_1_R_9636002-8,1,0,우수,S-211116_A_C_1_R_9636002,train
data/raw/images/S-211116_A_C_1_R_9636002-9.jpg,S-211116_A_C_1_R_9636002-9,1,0,우수,S-211116_A_C_1_R_9636002,train
data/raw/images/S-211116_A_C_1_R_9636003-9.jpg,S-211116_A_C_1_R_9636003-9,1,0,우수,S-211116_A_C_1_R_9636003,test
data/raw/images/S-211116_A_C_1_R_9636004-1.jpg,S-211116_A_C_1_R_9636004-1,1,0,우수,S-211116_A_C_1_R_9636004,validation
data/raw/images/S-211116_A_C_1_R_9636004-3.jpg,S-211116_A_C_1_R_9636004-3,1,0,우수,S-211116_A_C_1_R_9636004,validation
data/raw/images/S-211116_A_C_1_R_9636004-4.jpg,S-211116_A_C_1_R_9636004-4,1,0,우수,S-211116_A_C_1_R_9636004,validation
data/raw/images/S-211116_A_C_1_R_9636005-16.jpg,S-211116_A_C_1_R_9636005-16,1,0,우수,S-211116_A_C_1_R_9636005,train
data/raw/images/S-211116_A_C_1_R_9636006-6.jpg,S-211116_A_C_1_R_9636006-6,1,0,우수,S-211116_A_C_1_R_9636006,train
data/raw/images/S-211116_A_C_1_R_9636006-7.jpg,S-211116_A_C_1_R_9636006-7,1,0,우수,S-211116_A_C_1_R_9636006,train
data/raw/images/S-211116_A_C_1_R_9636006-8.jpg,S-211116_A_C_1_R_9636006-8,1,0,우수,S-211116_A_C_1_R_9636006,train
data/raw/images/S-211116_A_C_1_R_9636007-3.jpg,S-211116_A_C_1_R_9636007-3,1,0,우수,S-211116_A_C_1_R_9636007,test
data/raw/images/S-211116_A_C_1_R_9636007-5.jpg,S-211116_A_C_1_R_9636007-5,1,0,우수,S-211116_A_C_1_R_9636007,test
data/raw/images/S-211116_A_C_1_R_9636007-6.jpg,S-211116_A_C_1_R_9636007-6,1,0,우수,S-211116_A_C_1_R_9636007,test
data/raw/images/S-211116_A_C_1_R_9636007-7.jpg,S-211116_A_C_1_R_9636007-7,1,0,우수,S-211116_A_C_1_R_9636007,test
data/raw/images/S-211116_A_C_1_R_9636007-8.jpg,S-211116_A_C_1_R_9636007-8,1,0,우수,S-211116_A_C_1_R_9636007,test
data/raw/images/S-211116_A_C_1_R_9636008-1.jpg,S-211116_A_C_1_R_9636008-1,1,0,우수,S-211116_A_C_1_R_9636008,test
data/raw/images/S-211116_A_C_1_R_9636008-10.jpg,S-211116_A_C_1_R_9636008-10,1,0,우수,S-211116_A_C_1_R_9636008,test
data/raw/images/S-211116_A_C_1_R_9636008-11.jpg,S-211116_A_C_1_R_9636008-11,1,0,우수,S-211116_A_C_1_R_9636008,test
data/raw/images/S-211116_A_C_1_R_9636008-17.jpg,S-211116_A_C_1_R_9636008-17,1,0,우수,S-211116_A_C_1_R_9636008,test
data/raw/images/S-211116_A_C_1_R_9636008-18.jpg,S-211116_A_C_1_R_9636008-18,1,0,우수,S-211116_A_C_1_R_9636008,test
data/raw/images/S-211116_A_C_1_R_9636008-19.jpg,S-211116_A_C_1_R_9636008-19,1,0,우수,S-211116_A_C_1_R_9636008,test
data/raw/images/S-211116_A_C_1_R_9636008-2.jpg,S-211116_A_C_1_R_9636008-2,1,0,우수,S-211116_A_C_1_R_9636008,test
data/raw/images/S-211116_A_C_1_R_9636008-20.jpg,S-211116_A_C_1_R_9636008-20,1,0,우수,S-211116_A_C_1_R_9636008,test
data/raw/images/S-211116_A_C_1_R_9636008-21.jpg,S-211116_A_C_1_R_9636008-21,1,0,우수,S-211116_A_C_1_R_9636008,test
data/raw/images/S-211116_A_C_1_R_9636008-23.jpg,S-211116_A_C_1_R_9636008-23,1,0,우수,S-211116_A_C_1_R_9636008,test
data/raw/images/S-211116_A_C_1_R_9636008-3.jpg,S-211116_A_C_1_R_9636008-3,1,0,우수,S-211116_A_C_1_R_9636008,test
data/raw/images/S-211116_A_C_1_R_9636008-5.jpg,S-211116_A_C_1_R_9636008-5,1,0,우수,S-211116_A_C_1_R_9636008,test
data/raw/images/S-211116_A_C_1_R_9636008-6.jpg,S-211116_A_C_1_R_9636008-6,1,0,우수,S-211116_A_C_1_R_9636008,test
data/raw/images/S-211116_A_C_1_R_9636008-7.jpg,S-211116_A_C_1_R_9636008-7,1,0,우수,S-211116_A_C_1_R_9636008,test
data/raw/images/S-211116_A_C_1_R_9636008-8.jpg,S-211116_A_C_1_R_9636008-8,1,0,우수,S-211116_A_C_1_R_9636008,test
data/raw/images/S-211116_A_C_1_R_9636008-9.jpg,S-211116_A_C_1_R_9636008-9,1,0,우수,S-211116_A_C_1_R_9636008,test
data/raw/images/S-211116_A_C_1_R_9636009-1.jpg,S-211116_A_C_1_R_9636009-1,1,0,우수,S-211116_A_C_1_R_9636009,train
data/raw/images/S-211116_A_C_1_R_9636009-18.jpg,S-211116_A_C_1_R_9636009-18,1,0,우수,S-211116_A_C_1_R_9636009,train
data/raw/images/S-211116_A_C_1_R_9636009-19.jpg,S-211116_A_C_1_R_9636009-19,1,0,우수,S-211116_A_C_1_R_9636009,train
data/raw/images/S-211116_A_C_1_R_9636009-2.jpg,S-211116_A_C_1_R_9636009-2,1,0,우수,S-211116_A_C_1_R_9636009,train
data/raw/images/S-211116_A_C_1_R_9636009-3.jpg,S-211116_A_C_1_R_9636009-3,1,0,우수,S-211116_A_C_1_R_9636009,train
data/raw/images/S-211116_A_C_1_R_9636009-4.jpg,S-211116_A_C_1_R_9636009-4,1,0,우수,S-211116_A_C_1_R_9636009,train
data/raw/images/S-211116_A_C_1_R_9636010-1.jpg,S-211116_A_C_1_R_9636010-1,1,0,우수,S-211116_A_C_1_R_9636010,train
data/raw/images/S-211116_A_C_1_R_9636010-18.jpg,S-211116_A_C_1_R_9636010-18,1,0,우수,S-211116_A_C_1_R_9636010,train
data/raw/images/S-211116_A_C_1_R_9636010-19.jpg,S-211116_A_C_1_R_9636010-19,1,0,우수,S-211116_A_C_1_R_9636010,train
data/raw/images/S-211116_A_C_1_R_9636010-2.jpg,S-211116_A_C_1_R_9636010-2,1,0,우수,S-211116_A_C_1_R_9636010,train
data/raw/images/S-211116_A_C_1_R_9636010-21.jpg,S-211116_A_C_1_R_9636010-21,1,0,우수,S-211116_A_C_1_R_9636010,train
data/raw/images/S-211116_A_C_1_R_9636010-22.jpg,S-211116_A_C_1_R_9636010-22,1,0,우수,S-211116_A_C_1_R_9636010,train
data/raw/images/S-211116_A_C_1_R_9636010-23.jpg,S-211116_A_C_1_R_9636010-23,1,0,우수,S-211116_A_C_1_R_9636010,train
data/raw/images/S-211116_A_C_1_R_9636010-24.jpg,S-211116_A_C_1_R_9636010-24,1,0,우수,S-211116_A_C_1_R_9636010,train
data/raw/images/S-211116_A_C_1_R_9636010-26.jpg,S-211116_A_C_1_R_9636010-26,1,0,우수,S-211116_A_C_1_R_9636010,train
data/raw/images/S-211116_A_C_1_R_9636010-3.jpg,S-211116_A_C_1_R_9636010-3,1,0,우수,S-211116_A_C_1_R_9636010,train
data/raw/images/S-211116_A_C_1_R_9636010-4.jpg,S-211116_A_C_1_R_9636010-4,1,0,우수,S-211116_A_C_1_R_9636010,train
data/raw/images/S-211116_A_C_1_R_9636010-5.jpg,S-211116_A_C_1_R_9636010-5,1,0,우수,S-211116_A_C_1_R_9636010,train
data/raw/images/S-211116_A_C_1_R_9636015-1.jpg,S-211116_A_C_1_R_9636015-1,1,0,우수,S-211116_A_C_1_R_9636015,train
data/raw/images/S-211116_A_C_1_R_9636015-10.jpg,S-211116_A_C_1_R_9636015-10,1,0,우수,S-211116_A_C_1_R_9636015,train
data/raw/images/S-211116_A_C_1_R_9636015-11.jpg,S-211116_A_C_1_R_9636015-11,1,0,우수,S-211116_A_C_1_R_9636015,train
data/raw/images/S-211116_A_C_1_R_9636015-2.jpg,S-211116_A_C_1_R_9636015-2,1,0,우수,S-211116_A_C_1_R_9636015,train
data/raw/images/S-211116_A_C_1_R_9636015-26.jpg,S-211116_A_C_1_R_9636015-26,1,0,우수,S-211116_A_C_1_R_9636015,train
data/raw/images/S-211116_A_C_1_R_9636015-3.jpg,S-211116_A_C_1_R_9636015-3,1,0,우수,S-211116_A_C_1_R_9636015,train
data/raw/images/S-211116_A_C_1_R_9636015-4.jpg,S-211116_A_C_1_R_9636015-4,1,0,우수,S-211116_A_C_1_R_9636015,train
data/raw/images/S-211116_A_C_1_R_9636015-5.jpg,S-211116_A_C_1_R_9636015-5,1,0,우수,S-211116_A_C_1_R_9636015,train
data/raw/images/S-211116_A_C_1_R_9636015-6.jpg,S-211116_A_C_1_R_9636015-6,1,0,우수,S-211116_A_C_1_R_9636015,train
data/raw/images/S-211116_A_C_1_R_9636015-8.jpg,S-211116_A_C_1_R_9636015-8,1,0,우수,S-211116_A_C_1_R_9636015,train
data/raw/images/S-211116_A_C_1_R_9636016-1.jpg,S-211116_A_C_1_R_9636016-1,1,0,우수,S-211116_A_C_1_R_9636016,train
data/raw/images/S-211116_A_C_1_R_9636016-11.jpg,S-211116_A_C_1_R_9636016-11,1,0,우수,S-211116_A_C_1_R_9636016,train
data/raw/images/S-211116_A_C_1_R_9636016-2.jpg,S-211116_A_C_1_R_9636016-2,1,0,우수,S-211116_A_C_1_R_9636016,train
data/raw/images/S-211116_A_C_1_R_9636016-3.jpg,S-211116_A_C_1_R_9636016-3,1,0,우수,S-211116_A_C_1_R_9636016,train
data/raw/images/S-211116_A_C_1_R_9636016-4.jpg,S-211116_A_C_1_R_9636016-4,1,0,우수,S-211116_A_C_1_R_9636016,train
data/raw/images/S-211116_A_C_1_R_9636017-1.jpg,S-211116_A_C_1_R_9636017-1,1,0,우수,S-211116_A_C_1_R_9636017,train
data/raw/images/S-211116_A_C_1_R_9636017-3.jpg,S-211116_A_C_1_R_9636017-3,1,0,우수,S-211116_A_C_1_R_9636017,train
data/raw/images/S-211116_A_C_1_R_9636017-4.jpg,S-211116_A_C_1_R_9636017-4,1,0,우수,S-211116_A_C_1_R_9636017,train
data/raw/images/S-211116_A_C_1_R_9636017-5.jpg,S-211116_A_C_1_R_9636017-5,1,0,우수,S-211116_A_C_1_R_9636017,train
data/raw/images/S-211116_A_C_1_R_9636017-8.jpg,S-211116_A_C_1_R_9636017-8,1,0,우수,S-211116_A_C_1_R_9636017,train
data/raw/images/S-211116_A_C_1_R_9636018-1.jpg,S-211116_A_C_1_R_9636018-1,1,0,우수,S-211116_A_C_1_R_9636018,train
data/raw/images/S-211116_A_C_1_R_9636018-10.jpg,S-211116_A_C_1_R_9636018-10,1,0,우수,S-211116_A_C_1_R_9636018,train
data/raw/images/S-211116_A_C_1_R_9636018-11.jpg,S-211116_A_C_1_R_9636018-11,1,0,우수,S-211116_A_C_1_R_9636018,train
data/raw/images/S-211116_A_C_1_R_9636018-12.jpg,S-211116_A_C_1_R_9636018-12,1,0,우수,S-211116_A_C_1_R_9636018,train
data/raw/images/S-211116_A_C_1_R_9636018-13.jpg,S-211116_A_C_1_R_9636018-13,1,0,우수,S-211116_A_C_1_R_9636018,train
data/raw/images/S-211116_A_C_1_R_9636018-14.jpg,S-211116_A_C_1_R_9636018-14,1,0,우수,S-211116_A_C_1_R_9636018,train
data/raw/images/S-211116_A_C_1_R_9636018-2.jpg,S-211116_A_C_1_R_9636018-2,1,0,우수,S-211116_A_C_1_R_9636018,train
data/raw/images/S-211116_A_C_1_R_9636018-3.jpg,S-211116_A_C_1_R_9636018-3,1,0,우수,S-211116_A_C_1_R_9636018,train
data/raw/images/S-211116_A_C_1_R_9636018-4.jpg,S-211116_A_C_1_R_9636018-4,1,0,우수,S-211116_A_C_1_R_9636018,train
data/raw/images/S-211116_A_C_1_R_9636018-5.jpg,S-211116_A_C_1_R_9636018-5,1,0,우수,S-211116_A_C_1_R_9636018,train
data/raw/images/S-211116_A_C_1_R_9636018-6.jpg,S-211116_A_C_1_R_9636018-6,1,0,우수,S-211116_A_C_1_R_9636018,train
data/raw/images/S-211116_A_C_1_R_9636018-7.jpg,S-211116_A_C_1_R_9636018-7,1,0,우수,S-211116_A_C_1_R_9636018,train
data/raw/images/S-211116_A_C_1_R_9636018-8.jpg,S-211116_A_C_1_R_9636018-8,1,0,우수,S-211116_A_C_1_R_9636018,train
data/raw/images/S-211116_A_C_1_R_9636019-1.jpg,S-211116_A_C_1_R_9636019-1,1,0,우수,S-211116_A_C_1_R_9636019,train
data/raw/images/S-211116_A_C_1_R_9636019-13.jpg,S-211116_A_C_1_R_9636019-13,1,0,우수,S-211116_A_C_1_R_9636019,train
data/raw/images/S-211116_A_C_1_R_9636019-2.jpg,S-211116_A_C_1_R_9636019-2,1,0,우수,S-211116_A_C_1_R_9636019,train
data/raw/images/S-211116_A_C_1_R_9636019-3.jpg,S-211116_A_C_1_R_9636019-3,1,0,우수,S-211116_A_C_1_R_9636019,train
data/raw/images/S-211116_A_C_1_R_9636019-4.jpg,S-211116_A_C_1_R_9636019-4,1,0,우수,S-211116_A_C_1_R_9636019,train
data/raw/images/S-211116_A_C_1_R_9636019-5.jpg,S-211116_A_C_1_R_9636019-5,1,0,우수,S-211116_A_C_1_R_9636019,train
data/raw/images/S-211116_A_C_1_R_9636020-11.jpg,S-211116_A_C_1_R_9636020-11,1,0,우수,S-211116_A_C_1_R_9636020,train
data/raw/images/S-211116_A_C_1_R_9636020-12.jpg,S-211116_A_C_1_R_9636020-12,1,0,우수,S-211116_A_C_1_R_9636020,train
data/raw/images/S-211116_A_C_1_R_9636020-13.jpg,S-211116_A_C_1_R_9636020-13,1,0,우수,S-211116_A_C_1_R_9636020,train
data/raw/images/S-211116_A_C_1_R_9636020-16.jpg,S-211116_A_C_1_R_9636020-16,1,0,우수,S-211116_A_C_1_R_9636020,train
data/raw/images/S-211116_A_C_1_R_9636020-18.jpg,S-211116_A_C_1_R_9636020-18,1,0,우수,S-211116_A_C_1_R_9636020,train
data/raw/images/S-211116_A_C_1_R_9636020-3.jpg,S-211116_A_C_1_R_9636020-3,1,0,우수,S-211116_A_C_1_R_9636020,train
data/raw/images/S-211116_A_C_1_R_9636020-4.jpg,S-211116_A_C_1_R_9636020-4,1,0,우수,S-211116_A_C_1_R_9636020,train
data/raw/images/S-211116_A_C_1_R_9636020-5.jpg,S-211116_A_C_1_R_9636020-5,1,0,우수,S-211116_A_C_1_R_9636020,train
data/raw/images/S-211116_A_C_1_R_9636020-6.jpg,S-211116_A_C_1_R_9636020-6,1,0,우수,S-211116_A_C_1_R_9636020,train
data/raw/images/S-211116_A_C_1_R_9636020-7.jpg,S-211116_A_C_1_R_9636020-7,1,0,우수,S-211116_A_C_1_R_9636020,train
data/raw/images/S-211116_A_C_1_R_9636020-8.jpg,S-211116_A_C_1_R_9636020-8,1,0,우수,S-211116_A_C_1_R_9636020,train
data/raw/images/S-211116_A_C_1_R_9636020-9.jpg,S-211116_A_C_1_R_9636020-9,1,0,우수,S-211116_A_C_1_R_9636020,train
data/raw/images/S-211116_A_C_1_R_9636022-1.jpg,S-211116_A_C_1_R_9636022-1,1,0,우수,S-211116_A_C_1_R_9636022,train
data/raw/images/S-211116_A_C_1_R_9636022-3.jpg,S-211116_A_C_1_R_9636022-3,1,0,우수,S-211116_A_C_1_R_9636022,train
data/raw/images/S-211116_A_C_1_R_9636022-4.jpg,S-211116_A_C_1_R_9636022-4,1,0,우수,S-211116_A_C_1_R_9636022,train
data/raw/images/S-211116_A_C_1_R_9636022-5.jpg,S-211116_A_C_1_R_9636022-5,1,0,우수,S-211116_A_C_1_R_9636022,train
data/raw/images/S-211116_A_C_1_R_9636022-6.jpg,S-211116_A_C_1_R_9636022-6,1,0,우수,S-211116_A_C_1_R_9636022,train
data/raw/images/S-211116_A_C_1_R_9636022-9.jpg,S-211116_A_C_1_R_9636022-9,1,0,우수,S-211116_A_C_1_R_9636022,train
data/raw/images/S-211116_A_C_1_R_9636023-15.jpg,S-211116_A_C_1_R_9636023-15,1,0,우수,S-211116_A_C_1_R_9636023,train
data/raw/images/S-211116_A_C_1_R_9636023-16.jpg,S-211116_A_C_1_R_9636023-16,1,0,우수,S-211116_A_C_1_R_9636023,train
data/raw/images/S-211116_A_C_1_R_9636023-4.jpg,S-211116_A_C_1_R_9636023-4,1,0,우수,S-211116_A_C_1_R_9636023,train
data/raw/images/S-211116_A_C_1_R_9636023-5.jpg,S-211116_A_C_1_R_9636023-5,1,0,우수,S-211116_A_C_1_R_9636023,train
data/raw/images/S-211116_A_C_1_R_9636023-6.jpg,S-211116_A_C_1_R_9636023-6,1,0,우수,S-211116_A_C_1_R_9636023,train
data/raw/images/S-211116_A_C_1_R_9636023-7.jpg,S-211116_A_C_1_R_9636023-7,1,0,우수,S-211116_A_C_1_R_9636023,train
data/raw/images/S-211116_A_C_1_R_9636023-8.jpg,S-211116_A_C_1_R_9636023-8,1,0,우수,S-211116_A_C_1_R_9636023,train
data/raw/images/S-211116_A_C_1_R_9636023-9.jpg,S-211116_A_C_1_R_9636023-9,1,0,우수,S-211116_A_C_1_R_9636023,train
data/raw/images/S-211116_A_C_1_R_9636024-11.jpg,S-211116_A_C_1_R_9636024-11,1,0,우수,S-211116_A_C_1_R_9636024,validation
data/raw/images/S-211116_A_C_1_R_9636024-12.jpg,S-211116_A_C_1_R_9636024-12,1,0,우수,S-211116_A_C_1_R_9636024,validation
data/raw/images/S-211123_A_C_1_R_9636001-2.jpg,S-211123_A_C_1_R_9636001-2,1,0,우수,S-211123_A_C_1_R_9636001,test
data/raw/images/S-211123_A_C_1_R_96362265-18.jpg,S-211123_A_C_1_R_96362265-18,1,0,우수,S-211123_A_C_1_R_96362265,train
data/raw/images/S-211123_A_C_1_R_96362265-2.jpg,S-211123_A_C_1_R_96362265-2,1,0,우수,S-211123_A_C_1_R_96362265,train
data/raw/images/S-211123_A_C_1_R_96362265-3.jpg,S-211123_A_C_1_R_96362265-3,1,0,우수,S-211123_A_C_1_R_96362265,train
data/raw/images/S-211123_A_C_1_R_96362265-6.jpg,S-211123_A_C_1_R_96362265-6,1,0,우수,S-211123_A_C_1_R_96362265,train
data/raw/images/S-211201_A_C_2_R_2254446-27.jpg,S-211201_A_C_2_R_2254446-27,2,1,보통,S-211201_A_C_2_R_2254446,train
data/raw/images/S-211201_A_C_2_R_96362397-1.jpg,S-211201_A_C_2_R_96362397-1,2,1,보통,S-211201_A_C_2_R_96362397,train
data/raw/images/S-211201_A_C_2_R_96362398-11.jpg,S-211201_A_C_2_R_96362398-11,2,1,보통,S-211201_A_C_2_R_96362398,test
data/raw/images/S-211201_A_C_2_R_96362400-1.jpg,S-211201_A_C_2_R_96362400-1,2,1,보통,S-211201_A_C_2_R_96362400,train
data/raw/images/S-211201_A_C_2_R_96362401-1.jpg,S-211201_A_C_2_R_96362401-1,2,1,보통,S-211201_A_C_2_R_96362401,train
data/raw/images/S-211201_A_C_2_R_96362449-15.jpg,S-211201_A_C_2_R_96362449-15,2,1,보통,S-211201_A_C_2_R_96362449,train
data/raw/images/S-211201_A_C_2_R_96362454-7.jpg,S-211201_A_C_2_R_96362454-7,2,1,보통,S-211201_A_C_2_R_96362454,validation
data/raw/images/S-211223_A_C_1_R_0961017-10.jpg,S-211223_A_C_1_R_0961017-10,1,0,우수,S-211223_A_C_1_R_0961017,validation
data/raw/images/S-211223_A_C_1_R_0961017-11.jpg,S-211223_A_C_1_R_0961017-11,1,0,우수,S-211223_A_C_1_R_0961017,validation
data/raw/images/S-211223_A_C_1_R_0961017-12.jpg,S-211223_A_C_1_R_0961017-12,1,0,우수,S-211223_A_C_1_R_0961017,validation
data/raw/images/S-211223_A_C_1_R_0961017-13.jpg,S-211223_A_C_1_R_0961017-13,1,0,우수,S-211223_A_C_1_R_0961017,validation
data/raw/images/S-211223_A_C_1_R_0961017-14.jpg,S-211223_A_C_1_R_0961017-14,1,0,우수,S-211223_A_C_1_R_0961017,validation
data/raw/images/S-211223_A_C_1_R_0961017-16.jpg,S-211223_A_C_1_R_0961017-16,1,0,우수,S-211223_A_C_1_R_0961017,validation
data/raw/images/S-211223_A_C_1_R_0961017-17.jpg,S-211223_A_C_1_R_0961017-17,1,0,우수,S-211223_A_C_1_R_0961017,validation
data/raw/images/S-211223_A_C_1_R_0961017-18.jpg,S-211223_A_C_1_R_0961017-18,1,0,우수,S-211223_A_C_1_R_0961017,validation
data/raw/images/S-211223_A_C_1_R_0961017-19.jpg,S-211223_A_C_1_R_0961017-19,1,0,우수,S-211223_A_C_1_R_0961017,validation
data/raw/images/S-211223_A_C_1_R_0961017-20.jpg,S-211223_A_C_1_R_0961017-20,1,0,우수,S-211223_A_C_1_R_0961017,validation
data/raw/images/S-211223_A_C_1_R_0961017-4.jpg,S-211223_A_C_1_R_0961017-4,1,0,우수,S-211223_A_C_1_R_0961017,validation
data/raw/images/S-211223_A_C_1_R_0961017-5.jpg,S-211223_A_C_1_R_0961017-5,1,0,우수,S-211223_A_C_1_R_0961017,validation
data/raw/images/S-211223_A_C_1_R_0961017-6.jpg,S-211223_A_C_1_R_0961017-6,1,0,우수,S-211223_A_C_1_R_0961017,validation
data/raw/images/S-211223_A_C_1_R_0961017-7.jpg,S-211223_A_C_1_R_0961017-7,1,0,우수,S-211223_A_C_1_R_0961017,validation
data/raw/images/S-211223_A_C_1_R_2254027-2.jpg,S-211223_A_C_1_R_2254027-2,1,0,우수,S-211223_A_C_1_R_2254027,train
data/raw/images/S-211223_A_C_1_R_2254027-22.jpg,S-211223_A_C_1_R_2254027-22,1,0,우수,S-211223_A_C_1_R_2254027,train
data/raw/images/S-211223_A_C_1_R_2254027-26.jpg,S-211223_A_C_1_R_2254027-26,1,0,우수,S-211223_A_C_1_R_2254027,train
data/raw/images/S-211223_A_C_1_R_2254027-28.jpg,S-211223_A_C_1_R_2254027-28,1,0,우수,S-211223_A_C_1_R_2254027,train
data/raw/images/S-211223_A_C_2_R_2254031-5.jpg,S-211223_A_C_2_R_2254031-5,2,1,보통,S-211223_A_C_2_R_2254031,train
data/raw/images/S-211223_A_C_2_R_2254032-25.jpg,S-211223_A_C_2_R_2254032-25,2,1,보통,S-211223_A_C_2_R_2254032,test
data/raw/images/S-211223_A_C_2_R_2254035-4.jpg,S-211223_A_C_2_R_2254035-4,2,1,보통,S-211223_A_C_2_R_2254035,test
data/raw/images/S-211223_A_C_2_R_2254035-5.jpg,S-211223_A_C_2_R_2254035-5,2,1,보통,S-211223_A_C_2_R_2254035,test
data/raw/images/S-211223_A_C_2_R_2254035-7.jpg,S-211223_A_C_2_R_2254035-7,2,1,보통,S-211223_A_C_2_R_2254035,test
data/raw/images/S-211223_A_C_2_R_2254036-22.jpg,S-211223_A_C_2_R_2254036-22,2,1,보통,S-211223_A_C_2_R_2254036,train
data/raw/images/S-211223_A_C_2_R_2254036-7.jpg,S-211223_A_C_2_R_2254036-7,2,1,보통,S-211223_A_C_2_R_2254036,train
data/raw/images/S-211223_A_C_2_R_2254037-27.jpg,S-211223_A_C_2_R_2254037-27,2,1,보통,S-211223_A_C_2_R_2254037,train
data/raw/images/S-211223_A_C_2_R_2254037-4.jpg,S-211223_A_C_2_R_2254037-4,2,1,보통,S-211223_A_C_2_R_2254037,train
data/raw/images/S-211223_A_C_2_R_2254038-1.jpg,S-211223_A_C_2_R_2254038-1,2,1,보통,S-211223_A_C_2_R_2254038,train
data/raw/images/S-211223_A_C_2_R_2254038-5.jpg,S-211223_A_C_2_R_2254038-5,2,1,보통,S-211223_A_C_2_R_2254038,train
